{
  "$schema": "https://schema.management.azure.com/schemas/2015-01-01/deploymentParameters.json#",
  "contentVersion": "1.0.0.0",
  "parameters": {
    "tags": {
      "value": {
        "Environment": "Lab",
        "Department": "IT"
      }
    },
    "vnetName": {
      "value": "TestVNet7"
    },
    "addressPrefixes": {
      "value": [
        "10.10.0.0/16",
        "10.11.0.0/16"
      ]
    },
    "ipSubnets": {
      "value": [
        {
          "subnetPrefix": "10.10.0.0/24",
          "name": "Subnet1"
        },
        {
          "subnetPrefix": "10.10.1.0/24",
          "name": "Subnet2"
        },
        {
          "subnetPrefix": "10.10.250.0/24",
          "name": "AzureBastionSubnet"
        }
      ]
    },
    "bastionPubIpName": {
      "value": "BastionIp"
    },
    "bastionName": {
      "value": "BastionHost"
    }
  }
}