{
    "$schema": "https://schema.management.azure.com/schemas/2019-04-01/deploymentTemplate.json#",
    "contentVersion": "1.0.0.0",
    "parameters": {
        "nestedTemplatesLocation": {
            "type": "string",
            "metadata": {
                "description": "The base URI where artifacts required by this template are located."
            },
            "defaultValue": "https://raw.githubusercontent.com/Azure/RDS-Templates/master/ARM-wvd-templates/nestedtemplates/"
        },
        "artifactsLocation": {
            "type": "string",
            "metadata": {
                "description": "The base URI where artifacts required by this template are located."
            },
            "defaultValue": "https://raw.githubusercontent.com/Azure/RDS-Templates/master/ARM-wvd-templates/DSC/Configuration.zip"
        },
        "tags": {
            "type": "object",
            "metadata": {
                "description": "The tags to be assigned to the deployment"
            },
            "defaultValue": {}
        },
        "hostpoolName": {
            "type": "string",
            "metadata": {
                "description": "The name of the Hostpool to be created."
            }
        },
        "hostpoolToken": {
            "type": "securestring",
            "metadata": {
                "description": "The registration key for the host pool where the session hosts will be added."
            }
        },
        "administratorAccountUsername": {
            "type": "string",
            "metadata": {
                "description": "A username in the domain that has privileges to join the session hosts to the domain. For example, 'vmjoiner@contoso.com'."
            },
            "defaultValue": ""
        },
        "administratorAccountPassword": {
            "type": "securestring",
            "metadata": {
                "description": "The password that corresponds to the existing domain username."
            },
            "defaultValue": ""
        },
        "vmAdministratorAccountUsername": {
            "type": "string",
            "metadata": {
                "description": "A username to be used as the virtual machine administrator account. The vmAdministratorAccountUsername and  vmAdministratorAccountPassword parameters must both be provided. Otherwise, domain administrator credentials provided by administratorAccountUsername and administratorAccountPassword will be used."
            },
            "defaultValue": ""
        },
        "vmAdministratorAccountPassword": {
            "type": "securestring",
            "metadata": {
                "description": "The password associated with the virtual machine administrator account. The vmAdministratorAccountUsername and  vmAdministratorAccountPassword parameters must both be provided. Otherwise, domain administrator credentials provided by administratorAccountUsername and administratorAccountPassword will be used."
            },
            "defaultValue": ""
        },
        "availabilityOption": {
            "type": "string",
            "metadata": {
                "description": "Select the availability options for the VMs."
            },
            "defaultValue": "AvailabilitySet",
            "allowedValues": [
                "None",
                "AvailabilitySet",
                "AvailabilityZone"
            ]
        },
        "createAvailabilitySet": {
            "type": "bool",
            "metadata": {
                "description": "Whether to create a new availability set for the VMs."
            },
            "defaultValue": true
        },
        "availabilitySetUpdateDomainCount": {
            "type": "int",
            "metadata": {
                "description": "The platform update domain count of availability set to be created."
            },
            "defaultValue": 5,
            "allowedValues": [ 1, 2, 3, 4, 5, 6, 7, 8, 9, 10, 11, 12, 13, 14, 15, 16, 17, 18, 19, 20 ]
        },
        "availabilitySetFaultDomainCount": {
            "type": "int",
            "metadata": {
                "description": "The platform fault domain count of availability set to be created."
            },
            "defaultValue": 2,
            "allowedValues": [ 1, 2, 3 ]
        },
        "availabilityZone": {
            "type": "int",
            "metadata": {
                "description": "The number of availability zone to be used when create the VMs."
            },
            "defaultValue": 1,
            "allowedValues": [ 1, 2, 3 ]
        },
        "vmResourceGroup": {
            "type": "string",
            "metadata": {
                "description": "The resource group of the session host VMs."
            },
            "defaultValue": "[resourceGroup().name]"
        },
        "vmLocation": {
            "type": "string",
            "metadata": {
                "description": "The location of the session host VMs."
            },
            "defaultValue": "[resourceGroup().location]"
        },
        "vmSize": {
            "type": "string",
            "metadata": {
                "description": "The size of the session host VMs."
            }
        },
        "vmInitialNumber": {
            "type": "int",
            "metadata": {
                "description": "VM name prefix initial number."
            },
            "defaultValue": 1
        },
        "vmNumberOfInstances": {
            "type": "int",
            "metadata": {
                "description": "Number of session hosts that will be created and added to the host pool."
            }
        },
        "vmNamePrefix": {
            "type": "string",
            "metadata": {
                "description": "This prefix will be used in combination with the VM number to create the VM name. If using 'rdsh' as the prefix, VMs would be named 'rdsh-0', 'rdsh-1', etc. You should use a unique prefix to reduce name collisions in Active Directory."
            }
        },
        "vmImageType": {
            "type": "string",
            "metadata": {
                "description": "Select the image source for the session host vms. VMs from a Gallery image will be created with Managed Disks."
            },
            "defaultValue": "CustomImage",
            "allowedValues": [
                "CustomVHD",
                "CustomImage",
                "Gallery",
                "Disk"
            ]
        },
        "vmGalleryImageOffer": {
            "type": "string",
            "metadata": {
                "description": "(Required when vmImageType = Gallery) Gallery image Offer."
            },
            "defaultValue": ""
        },
        "vmGalleryImagePublisher": {
            "type": "string",
            "metadata": {
                "description": "(Required when vmImageType = Gallery) Gallery image Publisher."
            },
            "defaultValue": ""
        },
        "vmGalleryImageSKU": {
            "type": "string",
            "metadata": {
                "description": "(Required when vmImageType = Gallery) Gallery image SKU."
            },
            "defaultValue": ""
        },
        "vmImageVhdUri": {
            "type": "string",
            "metadata": {
                "description": "(Required when vmImageType = CustomVHD) URI of the sysprepped image vhd file to be used to create the session host VMs. For example, https://rdsstorage.blob.core.windows.net/vhds/sessionhostimage.vhd"
            },
            "defaultValue": ""
        },
        "vmCustomImageSourceId": {
            "type": "string",
            "metadata": {
                "description": "(Required when vmImageType = CustomImage) Resource ID of the image"
            },
            "defaultValue": ""
        },
        "vmDiskType": {
            "type": "string",
            "allowedValues": [
                "UltraSSD_LRS",
                "Premium_LRS",
                "StandardSSD_LRS",
                "Standard_LRS"
            ],
            "metadata": {
                "description": "The VM disk type for the VM: HDD or SSD."
            },
            "defaultValue": "Premium_LRS"
        },
        "vmUseManagedDisks": {
            "type": "bool",
            "metadata": {
                "description": "True indicating you would like to use managed disks or false indicating you would like to use unmanaged disks."
            },
            "defaultValue": true
        },
        "storageAccountResourceGroupName": {
            "type": "string",
            "metadata": {
                "description": "(Required when vmUseManagedDisks = False) The resource group containing the storage account of the image vhd file."
            },
            "defaultValue": ""
        },
        "existingVnetName": {
            "type": "string",
            "metadata": {
                "description": "The name of the virtual network the VMs will be connected to."
            }
        },
        "existingSubnetName": {
            "type": "string",
            "metadata": {
                "description": "The subnet the VMs will be placed in."
            }
        },
        "virtualNetworkResourceGroupName": {
            "type": "string",
            "metadata": {
                "description": "The resource group containing the existing virtual network."
            }
        },
        "createNetworkSecurityGroup": {
            "type": "bool",
            "metadata": {
                "description": "Whether to create a new network security group or use an existing one"
            },
            "defaultValue": false
        },
        "networkSecurityGroupId": {
            "type": "string",
            "metadata": {
                "description": "The resource id of an existing network security group"
            },
            "defaultValue": ""
        },
        "networkSecurityGroupRules": {
            "type": "array",
            "metadata": {
                "description": "The rules to be given to the new network security group"
            },
            "defaultValue": []
        },
        "deploymentId": {
            "type": "string",
            "metadata": {
                "description": "GUID for the deployment"
            },
            "defaultValue": "[guid(resourceGroup().id)]"
        },
        "ouPath": {
            "type": "string",
            "metadata": {
                "description": "OUPath for the domain join"
            },
            "defaultValue": ""
        },
        "domain": {
            "type": "string",
            "metadata": {
                "description": "Domain to join"
            },
            "defaultValue": ""
        },
        "aadJoin": {
            "type": "bool",
            "metadata": {
                "description": "IMPORTANT: Please don't use this parameter as AAD Join is not supported yet. True if AAD Join, false if AD join"
            },
            "defaultValue": false
        },
        "intune": {
            "type": "bool",
            "metadata": {
                "description": "IMPORTANT: Please don't use this parameter as intune enrollment is not supported yet. True if intune enrollment is selected.  False otherwise"
            },
            "defaultValue": false
        },
        "workspaceId": {
            "type": "string",
            "metadata": {
                "description": "The ID of the Log Analytics workspace used for WVD Monitoring Insights"
            }
        },
        "workspaceKey": {
            "type": "string",
            "metadata": {
                "description": "The Log Analytics workspace key used to authenticate the agent"
            }
        }
    },
    "variables": {
        "availabilitySetName": "[concat('AVSet-', parameters('vmNamePrefix'))]",
        "rdshManagedDisks": "[if(equals(parameters('vmImageType'), 'CustomVHD'), parameters('vmUseManagedDisks'), bool('true'))]",
        "rdshPrefix": "[concat(parameters('vmNamePrefix'),'-')]",
        "avSetSKU": "[if(variables('rdshManagedDisks'), 'Aligned', 'Classic')]",
        "vhds": "[concat('vhds','/', variables('rdshPrefix'))]",
        "subnet-id": "[resourceId(parameters('virtualNetworkResourceGroupName'),'Microsoft.Network/virtualNetworks/subnets',parameters('existingVnetName'), parameters('existingSubnetName'))]",
        "vmTemplateName": "[concat( if(variables('rdshManagedDisks'), 'managedDisks', 'unmanagedDisks'), '-', toLower(replace(parameters('vmImageType'),' ', '')), 'vm')]",
        "vmTemplateUri": "[concat(parameters('nestedTemplatesLocation'), variables('vmTemplateName'),'.json')]",
        "rdshVmNamesOutput": {
            "copy": [
                {
                    "name": "rdshVmNamesCopy",
                    "count": "[parameters('vmNumberOfInstances')]",
                    "input": {
                        "name": "[concat(variables('rdshPrefix'), add(parameters('vmInitialNumber'), copyIndex('rdshVmNamesCopy')))]"
                    }
                }
            ]
        }
    },
    "resources": [
        {
            "apiVersion": "2018-05-01",
            "name": "[concat('AVSet-linkedTemplate-', parameters('deploymentId'))]",
            "type": "Microsoft.Resources/deployments",
            "resourceGroup": "[parameters('vmResourceGroup')]",
            "condition": "[and(equals(parameters('availabilityOption'), 'AvailabilitySet'), parameters('createAvailabilitySet'))]",
            "properties": {
                "mode": "Incremental",
                "template": {
                    "$schema": "https://schema.management.azure.com/schemas/2019-04-01/deploymentTemplate.json#",
                    "contentVersion": "1.0.0.0",
                    "resources": [
                        {
                            "apiVersion": "2018-10-01",
                            "type": "Microsoft.Compute/availabilitySets",
                            "name": "[variables('availabilitySetName')]",
                            "location": "[parameters('vmLocation')]",
                            "tags": "[parameters('tags')]",
                            "properties": {
                                "platformUpdateDomainCount": "[parameters('availabilitySetUpdateDomainCount')]",
                                "platformFaultDomainCount": "[parameters('availabilitySetFaultDomainCount')]"
                            },
                            "sku": {
                                "name": "[variables('avSetSKU')]"
                            }
                        }
                    ]
                }
            }
        },
        {
            "apiVersion": "2018-05-01",
            "name": "[concat('vmCreation-linkedTemplate-', parameters('deploymentId'))]",
            "resourceGroup": "[parameters('vmResourceGroup')]",
            "dependsOn": [
                "[concat('AVSet-linkedTemplate-', parameters('deploymentId'))]"
            ],
            "type": "Microsoft.Resources/deployments",
            "properties": {
                "mode": "Incremental",
                "templateLink": {
                    "uri": "[variables('vmTemplateUri')]",
                    "contentVersion": "1.0.0.0"
                },
                "parameters": {
                    "artifactsLocation": {
                        "value": "[parameters('artifactsLocation')]"
                    },
                    "availabilityOption": {
                        "value": "[parameters('availabilityOption')]"
                    },
                    "availabilitySetName": {
                        "value": "[variables('availabilitySetName')]"
                    },
                    "availabilityZone": {
                        "value": "[parameters('availabilityZone')]"
                    },
                    "vmImageVhdUri": {
                        "value": "[parameters('vmImageVhdUri')]"
                    },
                    "storageAccountResourceGroupName": {
                        "value": "[parameters('storageAccountResourceGroupName')]"
                    },
                    "vmGalleryImageOffer": {
                        "value": "[parameters('vmGalleryImageOffer')]"
                    },
                    "vmGalleryImagePublisher": {
                        "value": "[parameters('vmGalleryImagePublisher')]"
                    },
                    "vmGalleryImageSKU": {
                        "value": "[parameters('vmGalleryImageSKU')]"
                    },
                    "rdshPrefix": {
                        "value": "[variables('rdshPrefix')]"
                    },
                    "rdshNumberOfInstances": {
                        "value": "[parameters('vmNumberOfInstances')]"
                    },
                    "rdshVMDiskType": {
                        "value": "[parameters('vmDiskType')]"
                    },
                    "rdshVmSize": {
                        "value": "[parameters('vmSize')]"
                    },
                    "enableAcceleratedNetworking": {
                        "value": false
                    },
                    "vmAdministratorAccountUsername": {
                        "value": "[parameters('vmAdministratorAccountUsername')]"
                    },
                    "vmAdministratorAccountPassword": {
                        "value": "[parameters('vmAdministratorAccountPassword')]"
                    },
                    "administratorAccountUsername": {
                        "value": "[parameters('administratorAccountUsername')]"
                    },
                    "administratorAccountPassword": {
                        "value": "[parameters('administratorAccountPassword')]"
                    },
                    "subnet-id": {
                        "value": "[variables('subnet-id')]"
                    },
                    "vhds": {
                        "value": "[variables('vhds')]"
                    },
                    "rdshImageSourceId": {
                        "value": "[parameters('vmCustomImageSourceId')]"
                    },
                    "location": {
                        "value": "[parameters('vmLocation')]"
                    },
                    "createNetworkSecurityGroup": {
                        "value": "[parameters('createNetworkSecurityGroup')]"
                    },
                    "networkSecurityGroupId": {
                        "value": "[parameters('networkSecurityGroupId')]"
                    },
                    "networkSecurityGroupRules": {
                        "value": "[parameters('networkSecurityGroupRules')]"
                    },
                    "networkInterfaceTags": {
                        "value": "[parameters('tags')]"
                    },
                    "networkSecurityGroupTags": {
                        "value": "[parameters('tags')]"
                    },
                    "virtualMachineTags": {
                        "value": "[parameters('tags')]"
                    },
                    "imageTags": {
                        "value": "[parameters('tags')]"
                    },
                    "vmInitialNumber": {
                        "value": "[parameters('vmInitialNumber')]"
                    },
                    "hostpoolName": {
                        "value": "[parameters('hostpoolName')]"
                    },
                    "hostpoolToken": {
                        "value": "[parameters('hostpoolToken')]"
                    },
                    "domain": {
                        "value": "[parameters('domain')]"
                    },
                    "ouPath": {
                        "value": "[parameters('ouPath')]"
                    },
                    "aadJoin": {
                        "value": "[parameters('aadJoin')]"
                    },
                    "intune": {
                        "value": "[parameters('intune')]"
                    },
                    "_guidValue": {
                        "value": "[parameters('deploymentId')]"
                    }
                }
            }
        },
        {
            "type": "Microsoft.Compute/virtualMachines/extensions",
            "name": "[concat(variables('rdshPrefix'), add(copyindex(), parameters('vmInitialNumber')),'/OMSExtension')]",
            "apiVersion": "2015-06-15",
            "location": "[parameters('vmLocation')]",
            "dependsOn": [
                "[concat('vmCreation-linkedTemplate-', parameters('deploymentId'))]"
            ],
            "copy": {
                "name": "rdsh-la-loop",
                "count": "[parameters('vmNumberOfInstances')]"
            },
            "properties": {
                "publisher": "Microsoft.EnterpriseCloud.Monitoring",
                "type": "MicrosoftMonitoringAgent",
                "typeHandlerVersion": "1.0",
                "autoUpgradeMinorVersion": true,
                "settings": {
                    "workspaceId": "[parameters('workspaceId')]"
                },
                "protectedSettings": {
                    "workspaceKey": "[parameters('workspaceKey')]"
                }
            }
        }
    ],
    "outputs": {
        "rdshVmNamesObject": {
            "value": "[variables('rdshVmNamesOutput')]",
            "type": "object"
        }
    }
}